Top pages,Clicks,Impressions,CTR,Position
https://purescan.droploop.in/nl/blog/19-why-do-i-wake-up-with-puffy-eyes-and-dark-circles-milia-sodium/,0,59,0%,70.19
https://purescan.droploop.in/da/blog/18-why-do-i-have-red-bumps-on-arms-and-back-keratosis-pilaris/,0,52,0%,55.15
https://purescan.droploop.in/blog/27-why-do-i-have-tiny-white-bumps-under-my-eyes-milia-slugging-comedogenic/,0,37,0%,90.57
https://purescan.droploop.in/nl/blog/14-why-do-i-have-sensitive-teeth-and-canker-sores-sls-toothpaste-alcohol-mouthwash/,0,30,0%,47.17
https://purescan.droploop.in/es/blog/18-why-do-i-have-red-bumps-on-arms-and-back-keratosis-pilaris,0,27,0%,66.78
https://purescan.droploop.in/nl/blog/16-why-does-sunscreen-sting-eyes-and-cause-breakouts-chemical-spf/,0,25,0%,75.72
https://purescan.droploop.in/ru/blog/24-why-are-my-toenails-yellow-thick-and-heels-cracked-fungal-foot-peels/,0,25,0%,78.24
https://purescan.droploop.in/sv/blog/18-why-do-i-have-red-bumps-on-arms-and-back-keratosis-pilaris/,0,24,0%,65.46
https://purescan.droploop.in/ru/blog/27-why-do-i-have-tiny-white-bumps-under-my-eyes-milia-slugging-comedogenic/,0,23,0%,59.96
https://purescan.droploop.in/nl/blog/33-why-do-i-get-cystic-breakouts-on-my-jawline-and-chin/,0,23,0%,85.13
https://purescan.droploop.in/blog/2-cosmetic-scanning-how-to-know-which-cosmetics-are-safe-for-you/,0,22,0%,67.27
https://purescan.droploop.in/nl/blog/18-why-do-i-have-red-bumps-on-arms-and-back-keratosis-pilaris/,0,20,0%,88.35
https://purescan.droploop.in/fr/blog/29-why-is-niacinamide-breaking-me-out-red-bumps-purging-reddit/,0,19,0%,22
https://purescan.droploop.in/ja/blog/18-why-do-i-have-red-bumps-on-arms-and-back-keratosis-pilaris,0,19,0%,83.95
https://purescan.droploop.in/fr/blog/34-why-do-i-get-tiny-itchy-bumps-on-forehead-fungal-acne/,0,17,0%,55.29
https://purescan.droploop.in/es/blog/20-why-are-my-hands-always-dry-cracked-itching-methylisothiazolinone/,0,17,0%,79.88
https://purescan.droploop.in/da/blog/28-why-is-my-neck-and-chest-crepey-red-poikiloderma-perfume-glycation/,0,16,0%,57.56
https://purescan.droploop.in/sv/blog/27-why-do-i-have-tiny-white-bumps-under-my-eyes-milia-slugging-comedogenic/,0,15,0%,51.13
https://purescan.droploop.in/pl/blog/18-why-do-i-have-red-bumps-on-arms-and-back-keratosis-pilaris/,0,14,0%,78.43
https://purescan.droploop.in/ro/blog/20-why-are-my-hands-always-dry-cracked-itching-methylisothiazolinone/,0,14,0%,93.86
https://purescan.droploop.in/nl/blog/18-why-do-i-have-red-bumps-on-arms-and-back-keratosis-pilaris,0,14,0%,94.43
https://purescan.droploop.in/sv/blog/30-why-do-my-nose-pores-look-huge-sebaceous-filaments-blackheads-reddit/,0,13,0%,61.15
https://purescan.droploop.in/el/blog/13-giati-arainoun-ta-mallia-mou-kai-fagourizai-to-trixoto-theiika-silikones/,0,13,0%,78.77
https://purescan.droploop.in/sv/blog/19-why-do-i-wake-up-with-puffy-eyes-and-dark-circles-milia-sodium/,0,12,0%,81.75
https://purescan.droploop.in/sv/blog/22-why-do-i-get-razor-burn-ingrown-hairs-and-dark-spots-after-shaving/,0,11,0%,18.36
https://purescan.droploop.in/de/blog/15-why-do-natural-deodorants-cause-rashes-baking-soda-aluminum/,0,11,0%,62.45
https://purescan.droploop.in/nb/blog/28-why-is-my-neck-and-chest-crepey-red-poikiloderma-perfume-glycation/,0,11,0%,65
https://purescan.droploop.in/ru/blog/26-why-do-i-have-dark-patches-on-my-face-melasma-phototoxic-fragrances/,0,10,0%,45.8
https://purescan.droploop.in/nb/blog/18-why-do-i-have-red-bumps-on-arms-and-back-keratosis-pilaris/,0,10,0%,74.3
https://purescan.droploop.in/ru/blog/29-why-is-niacinamide-breaking-me-out-red-bumps-purging-reddit/,0,9,0%,38.67
https://purescan.droploop.in/de/blog/30-why-do-my-nose-pores-look-huge-sebaceous-filaments-blackheads-reddit/,0,9,0%,43.78
https://purescan.droploop.in/blog/16-why-does-sunscreen-sting-eyes-and-cause-breakouts-chemical-spf/,0,9,0%,54.33
https://purescan.droploop.in/bg/blog/19-why-do-i-wake-up-with-puffy-eyes-and-dark-circles-milia-sodium/,0,9,0%,70.56
https://purescan.droploop.in/fr/blog/18-why-do-i-have-red-bumps-on-arms-and-back-keratosis-pilaris/,0,8,0%,61.5
https://purescan.droploop.in/it/blog/22-why-do-i-get-razor-burn-ingrown-hairs-and-dark-spots-after-shaving/,0,8,0%,61.75
https://purescan.droploop.in/blog/1-how-food-scanning-nutri-score-and-nova-score-help-you-eat-healthier/,0,8,0%,65.5
https://purescan.droploop.in/no/blog/30-why-do-my-nose-pores-look-huge-sebaceous-filaments-blackheads-reddit/,0,7,0%,7.71
https://purescan.droploop.in/tr/blog/21-why-does-my-face-get-red-hot-and-flaky-denatured-alcohol-essential-oils-histamines/,0,7,0%,70.57
https://purescan.droploop.in/blog/15-why-do-natural-deodorants-cause-rashes-baking-soda-aluminum/,0,7,0%,71.29
https://purescan.droploop.in/nl/blog/34-why-do-i-get-tiny-itchy-bumps-on-forehead-fungal-acne/,0,7,0%,87.29
https://purescan.droploop.in/no/blog/12-hvilke-hudpleieingredienser-og-tilsetningsstoffer-bor-unngas-under-graviditet/,0,6,0%,46.67
https://purescan.droploop.in/no/blog/28-why-is-my-neck-and-chest-crepey-red-poikiloderma-perfume-glycation/,0,6,0%,50.33
https://purescan.droploop.in/blog/18-why-do-i-have-red-bumps-on-arms-and-back-keratosis-pilaris/,0,6,0%,72.33
https://purescan.droploop.in/blog/22-why-do-i-get-razor-burn-ingrown-hairs-and-dark-spots-after-shaving/,0,6,0%,73.83
https://purescan.droploop.in/nl/blog/24-why-are-my-toenails-yellow-thick-and-heels-cracked-fungal-foot-peels/,0,6,0%,74
https://purescan.droploop.in/ru/blog/22-why-do-i-get-razor-burn-ingrown-hairs-and-dark-spots-after-shaving/,0,6,0%,75.5
https://purescan.droploop.in/ja/blog/18-why-do-i-have-red-bumps-on-arms-and-back-keratosis-pilaris/,0,6,0%,77
https://purescan.droploop.in/pt/blog/18-why-do-i-have-red-bumps-on-arms-and-back-keratosis-pilaris/,0,6,0%,81.5
https://purescan.droploop.in/el/blog/22-why-do-i-get-razor-burn-ingrown-hairs-and-dark-spots-after-shaving/,0,5,0%,64
https://purescan.droploop.in/blog/30-why-do-my-nose-pores-look-huge-sebaceous-filaments-blackheads-reddit/,0,5,0%,68
https://purescan.droploop.in/blog/8-how-to-scan-food-and-skincare-products/,0,5,0%,69.4
https://purescan.droploop.in/sv/blog/24-why-are-my-toenails-yellow-thick-and-heels-cracked-fungal-foot-peels/,0,5,0%,75.2
https://purescan.droploop.in/tr/blog/18-why-do-i-have-red-bumps-on-arms-and-back-keratosis-pilaris/,0,5,0%,76.6
https://purescan.droploop.in/de/blog/45-warum-bekomme-ich-schmerzhafte-pickel-auf-der-kopfhaut/,0,5,0%,79.8
https://purescan.droploop.in/de/blog/41-why-is-my-skin-flaking-and-peeling-around-eyebrows-and-nose-with-yellow-greasy-crusts/,0,5,0%,81.2
https://purescan.droploop.in/da/blog/24-why-are-my-toenails-yellow-thick-and-heels-cracked-fungal-foot-peels/,0,4,0%,46.75
https://purescan.droploop.in/sv/blog/26-why-do-i-have-dark-patches-on-my-face-melasma-phototoxic-fragrances/,0,4,0%,53.75
https://purescan.droploop.in/lv/blog/17-why-do-lip-balms-make-lips-drier-menthol-phenol-mineral-oil/,0,4,0%,67.25
https://purescan.droploop.in/ru/blog/13-pochemu-vypadayut-volosy-i-zudit-kozhza-golovy-sulfaty-silikony/,0,4,0%,71.75
https://purescan.droploop.in/blog/34-why-do-i-get-tiny-itchy-bumps-on-forehead-fungal-acne/,0,4,0%,72.75
https://purescan.droploop.in/sv/blog/17-why-do-lip-balms-make-lips-drier-menthol-phenol-mineral-oil,0,4,0%,74.25
https://purescan.droploop.in/nl/blog/21-why-does-my-face-get-red-hot-and-flaky-denatured-alcohol-essential-oils-histamines/,0,4,0%,78.25
https://purescan.droploop.in/de/blog/37-why-do-i-have-dark-velvety-patches-on-neck-armpits-acanthosis-nigricans/,0,4,0%,87.25
https://purescan.droploop.in/el/blog/34-why-do-i-get-tiny-itchy-bumps-on-forehead-fungal-acne/,0,4,0%,90.5
https://purescan.droploop.in/blog/33-why-do-i-get-cystic-breakouts-on-my-jawline-and-chin/,0,4,0%,94
https://purescan.droploop.in/de/blog/22-why-do-i-get-razor-burn-ingrown-hairs-and-dark-spots-after-shaving/,0,3,0%,14.33
https://purescan.droploop.in/it/blog/29-why-is-niacinamide-breaking-me-out-red-bumps-purging-reddit/,0,3,0%,27
https://purescan.droploop.in/no/blog/22-why-do-i-get-razor-burn-ingrown-hairs-and-dark-spots-after-shaving,0,3,0%,38
https://purescan.droploop.in/sv/blog/18-why-do-i-have-red-bumps-on-arms-and-back-keratosis-pilaris,0,3,0%,51
https://purescan.droploop.in/de/blog/16-why-does-sunscreen-sting-eyes-and-cause-breakouts-chemical-spf/,0,3,0%,56.33
https://purescan.droploop.in/ro/blog/18-why-do-i-have-red-bumps-on-arms-and-back-keratosis-pilaris/,0,3,0%,59
https://purescan.droploop.in/cs/blog/18-why-do-i-have-red-bumps-on-arms-and-back-keratosis-pilaris/,0,3,0%,60.33
https://purescan.droploop.in/nl/blog/22-why-do-i-get-razor-burn-ingrown-hairs-and-dark-spots-after-shaving/,0,3,0%,64
https://purescan.droploop.in/bg/blog/27-why-do-i-have-tiny-white-bumps-under-my-eyes-milia-slugging-comedogenic/,0,3,0%,68
https://purescan.droploop.in/blog/1-how-food-scanning-nutri-score-and-nova-score-help-you-eat-healthier,0,3,0%,68
https://purescan.droploop.in/tr/blog/32-why-are-my-eyelashes-falling-out/,0,3,0%,71
https://purescan.droploop.in/de/blog/31-why-does-my-skincare-roll-off-white-balls-pilling-chatgpt/,0,3,0%,72.67
https://purescan.droploop.in/blog/14-why-do-i-have-sensitive-teeth-and-canker-sores-sls-toothpaste-alcohol-mouthwash/,0,3,0%,73.33
https://purescan.droploop.in/nb/blog/43-hvorfor-er-oyelokkene-mine-rode-hovne-og-flassende/,0,3,0%,78
https://purescan.droploop.in/pl/blog/28-why-is-my-neck-and-chest-crepey-red-poikiloderma-perfume-glycation/,0,3,0%,83.33
https://purescan.droploop.in/nb/blog/26-why-do-i-have-dark-patches-on-my-face-melasma-phototoxic-fragrances/,0,3,0%,83.67
https://purescan.droploop.in/pl/blog/18-why-do-i-have-red-bumps-on-arms-and-back-keratosis-pilaris,0,3,0%,85.33
https://purescan.droploop.in/it/blog/18-why-do-i-have-red-bumps-on-arms-and-back-keratosis-pilaris/,0,3,0%,86
https://purescan.droploop.in/pt/blog/15-why-do-natural-deodorants-cause-rashes-baking-soda-aluminum,0,3,0%,86.33
https://purescan.droploop.in/el/blog/18-why-do-i-have-red-bumps-on-arms-and-back-keratosis-pilaris/,0,3,0%,92
https://purescan.droploop.in/nl/blog/30-why-do-my-nose-pores-look-huge-sebaceous-filaments-blackheads-reddit/,0,3,0%,92.33
https://purescan.droploop.in/,0,2,0%,5
https://purescan.droploop.in/terms,0,2,0%,5
https://purescan.droploop.in/bg/blog/47-why-is-red-dye-40-being-banned/,0,2,0%,7
https://purescan.droploop.in/no/blog,0,2,0%,12.5
https://purescan.droploop.in/blog/47-why-is-red-dye-40-being-banned/,0,2,0%,19
https://purescan.droploop.in/el/blog/32-why-are-my-eyelashes-falling-out,0,2,0%,24
https://purescan.droploop.in/cs/blog/12-jakym-surovinam-v-kosmetice-a-potravinach-se-vyhnout-v-tehotenstvi/,0,2,0%,27.5
https://purescan.droploop.in/nb/blog/27-why-do-i-have-tiny-white-bumps-under-my-eyes-milia-slugging-comedogenic/,0,2,0%,31.5
https://purescan.droploop.in/cs/blog/34-why-do-i-get-tiny-itchy-bumps-on-forehead-fungal-acne/,0,2,0%,32
https://purescan.droploop.in/pl/blog/29-why-is-niacinamide-breaking-me-out-red-bumps-purging-reddit/,0,2,0%,33
https://purescan.droploop.in/ko/blog/30-why-do-my-nose-pores-look-huge-sebaceous-filaments-blackheads-reddit/,0,2,0%,34
https://purescan.droploop.in/pl/blog/32-why-are-my-eyelashes-falling-out/,0,2,0%,34
https://purescan.droploop.in/de/blog/28-why-is-my-neck-and-chest-crepey-red-poikiloderma-perfume-glycation/,0,2,0%,40
https://purescan.droploop.in/ru/blog/15-why-do-natural-deodorants-cause-rashes-baking-soda-aluminum/,0,2,0%,40
https://purescan.droploop.in/blog/30-why-do-my-nose-pores-look-huge-sebaceous-filaments-blackheads-reddit,0,2,0%,40.5
https://purescan.droploop.in/da/blog/14-why-do-i-have-sensitive-teeth-and-canker-sores-sls-toothpaste-alcohol-mouthwash/,0,2,0%,41.5
https://purescan.droploop.in/lv/blog/23-why-are-my-nails-peeling-brittle-and-weak-hema-gel-polishes-formaldehyde/,0,2,0%,42.5
https://purescan.droploop.in/ko/blog/27-why-do-i-have-tiny-white-bumps-under-my-eyes-milia-slugging-comedogenic/,0,2,0%,43.5
https://purescan.droploop.in/tr/blog/26-why-do-i-have-dark-patches-on-my-face-melasma-phototoxic-fragrances/,0,2,0%,48
https://purescan.droploop.in/nl/blog/12-welke-huidverzorging-en-voedingsadditieven-vermijden-tijdens-zwangerschap/,0,2,0%,52
https://purescan.droploop.in/no/blog/13-hvorfor-blir-haret-mitt-tynnere-og-hodebunnen-klor-sulfater-silikoner/,0,2,0%,57.5
https://purescan.droploop.in/ru/blog/14-why-do-i-have-sensitive-teeth-and-canker-sores-sls-toothpaste-alcohol-mouthwash/,0,2,0%,58
https://purescan.droploop.in/blog/8-how-to-scan-food-and-skincare-products,0,2,0%,58.5
https://purescan.droploop.in/nl/blog/17-why-do-lip-balms-make-lips-drier-menthol-phenol-mineral-oil/,0,2,0%,58.5
https://purescan.droploop.in/es/blog/28-why-is-my-neck-and-chest-crepey-red-poikiloderma-perfume-glycation/,0,2,0%,59.5
https://purescan.droploop.in/ro/blog/24-why-are-my-toenails-yellow-thick-and-heels-cracked-fungal-foot-peels/,0,2,0%,60.5
https://purescan.droploop.in/nb/blog/19-why-do-i-wake-up-with-puffy-eyes-and-dark-circles-milia-sodium/,0,2,0%,61
https://purescan.droploop.in/de/blog/4-sind-inhaltsstoffe-in-meiner-hautpflege-giftig/,0,2,0%,63
https://purescan.droploop.in/pl/blog/3-czy-oceny-ywno-ci-s-dok-adne,0,2,0%,64
https://purescan.droploop.in/de/blog/32-why-are-my-eyelashes-falling-out,0,2,0%,66.5
https://purescan.droploop.in/ja/blog/14-why-do-i-have-sensitive-teeth-and-canker-sores-sls-toothpaste-alcohol-mouthwash/,0,2,0%,67
https://purescan.droploop.in/de/blog/26-why-do-i-have-dark-patches-on-my-face-melasma-phototoxic-fragrances/,0,2,0%,69.5
https://purescan.droploop.in/it/blog/32-why-are-my-eyelashes-falling-out/,0,2,0%,70
https://purescan.droploop.in/da/blog/30-why-do-my-nose-pores-look-huge-sebaceous-filaments-blackheads-reddit/,0,2,0%,70.5
https://purescan.droploop.in/no/blog/26-why-do-i-have-dark-patches-on-my-face-melasma-phototoxic-fragrances/,0,2,0%,71
https://purescan.droploop.in/bg/blog/22-why-do-i-get-razor-burn-ingrown-hairs-and-dark-spots-after-shaving/,0,2,0%,73
https://purescan.droploop.in/sv/blog/17-why-do-lip-balms-make-lips-drier-menthol-phenol-mineral-oil/,0,2,0%,74
https://purescan.droploop.in/blog/6-the-truth-about-clean-beauty-natural-vs-synthetic-ingredients/,0,2,0%,76.5
https://purescan.droploop.in/nl/blog/15-why-do-natural-deodorants-cause-rashes-baking-soda-aluminum/,0,2,0%,80
https://purescan.droploop.in/sv/blog/23-why-are-my-nails-peeling-brittle-and-weak-hema-gel-polishes-formaldehyde/,0,2,0%,81.5
https://purescan.droploop.in/sv/blog/13-varfor-blir-mitt-har-tunnare-och-harbotten-kliar-sulfater-silikoner/,0,2,0%,83
https://purescan.droploop.in/el/blog/19-why-do-i-wake-up-with-puffy-eyes-and-dark-circles-milia-sodium/,0,2,0%,84
https://purescan.droploop.in/it/blog/26-why-do-i-have-dark-patches-on-my-face-melasma-phototoxic-fragrances/,0,2,0%,84
https://purescan.droploop.in/blog/12-which-skincare-ingredients-and-food-additives-to-avoid-during-pregnancy/,0,2,0%,84.5
https://purescan.droploop.in/ja/blog/12-ninshinchu-ni-sakerubeki-sukin-kea-seibun-to-shokuhin-tenkabutsu/,0,2,0%,84.5
https://purescan.droploop.in/es/blog/19-why-do-i-wake-up-with-puffy-eyes-and-dark-circles-milia-sodium/,0,2,0%,88
https://purescan.droploop.in/it/blog/44-perche-ho-la-schiena-piena-di-brufoli-cistici/,0,2,0%,88.5
https://purescan.droploop.in/it/blog/34-why-do-i-get-tiny-itchy-bumps-on-forehead-fungal-acne/,0,2,0%,90
https://purescan.droploop.in/nb/blog/15-why-do-natural-deodorants-cause-rashes-baking-soda-aluminum/,0,2,0%,90.5
https://purescan.droploop.in/no/blog/18-why-do-i-have-red-bumps-on-arms-and-back-keratosis-pilaris/,0,2,0%,91.5
https://purescan.droploop.in/de/blog/43-warum-sind-meine-augenlider-rot-geschwollen-und-schuppig/,0,2,0%,97
https://purescan.droploop.in/de/blog/19-why-do-i-wake-up-with-puffy-eyes-and-dark-circles-milia-sodium/,0,2,0%,98.5
https://purescan.droploop.in/grading,0,1,0%,4
https://purescan.droploop.in/pl/blog/30-why-do-my-nose-pores-look-huge-sebaceous-filaments-blackheads-reddit/,0,1,0%,4
https://purescan.droploop.in/sv/blog,0,1,0%,7
https://purescan.droploop.in/ko/blog,0,1,0%,9
https://purescan.droploop.in/fr/blog,0,1,0%,10
https://purescan.droploop.in/ko/blog/22-why-do-i-get-razor-burn-ingrown-hairs-and-dark-spots-after-shaving/,0,1,0%,10
https://purescan.droploop.in/ru/blog/16-why-does-sunscreen-sting-eyes-and-cause-breakouts-chemical-spf/,0,1,0%,10
https://purescan.droploop.in/blog/32-why-are-my-eyelashes-falling-out,0,1,0%,11
https://purescan.droploop.in/it/blog/14-why-do-i-have-sensitive-teeth-and-canker-sores-sls-toothpaste-alcohol-mouthwash/,0,1,0%,11
https://purescan.droploop.in/it/blog/17-why-do-lip-balms-make-lips-drier-menthol-phenol-mineral-oil/,0,1,0%,11
https://purescan.droploop.in/de/blog/13-warum-wird-mein-haar-duenner-und-die-kopfhaut-juckt-sulfate-silikone/,0,1,0%,12
https://purescan.droploop.in/pt/blog/1-como-a-leitura-de-r-tulos-nutri-score-e-a-classifica-o-nova-ajudam-voc-a-comer-melhor,0,1,0%,17
https://purescan.droploop.in/cs/blog/41-why-is-my-skin-flaking-and-peeling-around-eyebrows-and-nose-with-yellow-greasy-crusts/,0,1,0%,20
https://purescan.droploop.in/zh/blog/16-why-does-sunscreen-sting-eyes-and-cause-breakouts-chemical-spf/,0,1,0%,28
https://purescan.droploop.in/bg/blog/26-why-do-i-have-dark-patches-on-my-face-melasma-phototoxic-fragrances/,0,1,0%,29
https://purescan.droploop.in/da/blog/1-hvordan-madscanning-nutri-score-og-nova-score-hj-lper-dig-med-at-spise-sundere/,0,1,0%,29
https://purescan.droploop.in/fr/blog/32-why-are-my-eyelashes-falling-out,0,1,0%,30
https://purescan.droploop.in/fr/blog/32-why-are-my-eyelashes-falling-out/,0,1,0%,30
https://purescan.droploop.in/ro/blog/9-ce-sunt-chimicalele-eterne-pfas-si-perturbatorii-endocrini/,0,1,0%,33
https://purescan.droploop.in/da/blog/26-why-do-i-have-dark-patches-on-my-face-melasma-phototoxic-fragrances/,0,1,0%,34
https://purescan.droploop.in/no/blog/23-why-are-my-nails-peeling-brittle-and-weak-hema-gel-polishes-formaldehyde/,0,1,0%,37
https://purescan.droploop.in/it/blog/28-why-is-my-neck-and-chest-crepey-red-poikiloderma-perfume-glycation/,0,1,0%,38
https://purescan.droploop.in/de/blog/9-was-sind-ewigkeitschemikalien-pfas-und-endokrine-disruptoren,0,1,0%,39
https://purescan.droploop.in/cs/blog/6-pravda-o-clean-beauty,0,1,0%,41
https://purescan.droploop.in/pt/blog/17-why-do-lip-balms-make-lips-drier-menthol-phenol-mineral-oil/,0,1,0%,41
https://purescan.droploop.in/pt/blog/16-why-does-sunscreen-sting-eyes-and-cause-breakouts-chemical-spf/,0,1,0%,42
https://purescan.droploop.in/blog/32-why-are-my-eyelashes-falling-out/,0,1,0%,43
https://purescan.droploop.in/es/blog/31-why-does-my-skincare-roll-off-white-balls-pilling-chatgpt/,0,1,0%,46
https://purescan.droploop.in/ru/blog/12-kakikh-ingrediyentov-kosmetiki-i-pishchevykh-dobavok-izbegat-pri-beremennosti/,0,1,0%,46
https://purescan.droploop.in/ja/blog/16-why-does-sunscreen-sting-eyes-and-cause-breakouts-chemical-spf,0,1,0%,47
https://purescan.droploop.in/ro/blog/45-de-ce-imi-apar-cosuri-dureroase-pe-scalp/,0,1,0%,48
https://purescan.droploop.in/nb/blog/23-why-are-my-nails-peeling-brittle-and-weak-hema-gel-polishes-formaldehyde/,0,1,0%,49
https://purescan.droploop.in/sv/blog/21-why-does-my-face-get-red-hot-and-flaky-denatured-alcohol-essential-oils-histamines/,0,1,0%,51
https://purescan.droploop.in/nb/blog/32-why-are-my-eyelashes-falling-out,0,1,0%,56
https://purescan.droploop.in/ar/blog/27-why-do-i-have-tiny-white-bumps-under-my-eyes-milia-slugging-comedogenic/,0,1,0%,57
https://purescan.droploop.in/nb/blog/33-why-do-i-get-cystic-breakouts-on-my-jawline-and-chin/,0,1,0%,57
https://purescan.droploop.in/bg/blog/6-the-truth-about-clean-beauty-natural-vs-synthetic-ingredients/,0,1,0%,59
https://purescan.droploop.in/it/blog/27-why-do-i-have-tiny-white-bumps-under-my-eyes-milia-slugging-comedogenic/,0,1,0%,64
https://purescan.droploop.in/nb/blog/17-why-do-lip-balms-make-lips-drier-menthol-phenol-mineral-oil/,0,1,0%,64
https://purescan.droploop.in/ko/blog/15-why-do-natural-deodorants-cause-rashes-baking-soda-aluminum/,0,1,0%,69
https://purescan.droploop.in/nl/blog/35-why-do-i-get-sudden-burning-red-rashes-around-my-mouth-perioral-dermatitis/,0,1,0%,69
https://purescan.droploop.in/tr/blog/22-why-do-i-get-razor-burn-ingrown-hairs-and-dark-spots-after-shaving/,0,1,0%,70
https://purescan.droploop.in/fr/blog/36-why-do-i-get-painful-deep-boils-in-armpits-and-groin-hidradenitis-suppurativa/,0,1,0%,71
https://purescan.droploop.in/tr/blog/32-why-are-my-eyelashes-falling-out,0,1,0%,73
https://purescan.droploop.in/nl/blog/27-why-do-i-have-tiny-white-bumps-under-my-eyes-milia-slugging-comedogenic/,0,1,0%,74
https://purescan.droploop.in/blog/17-why-do-lip-balms-make-lips-drier-menthol-phenol-mineral-oil/,0,1,0%,75
https://purescan.droploop.in/tr/blog/24-why-are-my-toenails-yellow-thick-and-heels-cracked-fungal-foot-peels/,0,1,0%,77
https://purescan.droploop.in/sv/blog/20-why-are-my-hands-always-dry-cracked-itching-methylisothiazolinone/,0,1,0%,78
https://purescan.droploop.in/zh/blog/2-/,0,1,0%,78
https://purescan.droploop.in/no/blog/9-hva-er-evighetskjemikalier-pfas-og-hormonforstyrrende-stoffer,0,1,0%,80
https://purescan.droploop.in/ja/blog/36-why-do-i-get-painful-deep-boils-in-armpits-and-groin-hidradenitis-suppurativa/,0,1,0%,82
https://purescan.droploop.in/no/blog/43-hvorfor-er-oyelokkene-mine-rode-hovne-og-flassende/,0,1,0%,83
https://purescan.droploop.in/sv/blog/25-why-does-my-face-burn-and-break-out-in-winter-cold-creams-frostnip/,0,1,0%,83
https://purescan.droploop.in/blog/3-are-food-ratings-accurate-how-our-app-determines-if-food-is-actually-healthy/,0,1,0%,84
https://purescan.droploop.in/pt/blog/35-why-do-i-get-sudden-burning-red-rashes-around-my-mouth-perioral-dermatitis/,0,1,0%,85
https://purescan.droploop.in/pl/blog/33-why-do-i-get-cystic-breakouts-on-my-jawline-and-chin/,0,1,0%,86
https://purescan.droploop.in/tr/blog/36-why-do-i-get-painful-deep-boils-in-armpits-and-groin-hidradenitis-suppurativa/,0,1,0%,87
https://purescan.droploop.in/de/blog/10-was-ist-die-darm-haut-achse-hochverarbeitete-lebensmittel-und-komedogene-kosmetik/,0,1,0%,88
https://purescan.droploop.in/ja/blog/27-why-do-i-have-tiny-white-bumps-under-my-eyes-milia-slugging-comedogenic/,0,1,0%,88
https://purescan.droploop.in/ro/blog/15-why-do-natural-deodorants-cause-rashes-baking-soda-aluminum/,0,1,0%,91
https://purescan.droploop.in/de/blog/48-is-titanium-dioxide-in-your-food-safe-why-europe-banned-e171-but-america-didnt/,0,1,0%,92
https://purescan.droploop.in/blog/45-why-do-i-get-painful-pimples-on-my-scalp/,0,1,0%,94
https://purescan.droploop.in/it/blog/19-why-do-i-wake-up-with-puffy-eyes-and-dark-circles-milia-sodium/,0,1,0%,96
https://purescan.droploop.in/ru/blog/28-why-is-my-neck-and-chest-crepey-red-poikiloderma-perfume-glycation/,0,1,0%,96
https://purescan.droploop.in/it/blog/36-why-do-i-get-painful-deep-boils-in-armpits-and-groin-hidradenitis-suppurativa/,0,1,0%,97
https://purescan.droploop.in/nl/blog/38-why-do-i-have-tiny-hard-skin-colored-bumps-on-cheeks-forehead-closed-comedones/,0,1,0%,98
https://purescan.droploop.in/pl/blog/26-why-do-i-have-dark-patches-on-my-face-melasma-phototoxic-fragrances/,0,1,0%,98
https://purescan.droploop.in/fr/blog/33-why-do-i-get-cystic-breakouts-on-my-jawline-and-chin/,0,1,0%,99
https://purescan.droploop.in/ja/blog/34-why-do-i-get-tiny-itchy-bumps-on-forehead-fungal-acne/,0,1,0%,99
https://purescan.droploop.in/ro/blog/17-why-do-lip-balms-make-lips-drier-menthol-phenol-mineral-oil/,0,1,0%,99
https://purescan.droploop.in/nl/blog/39-why-do-stubborn-red-and-dark-marks-linger-for-months-after-a-pimple-heals/,0,1,0%,100
https://purescan.droploop.in/pt/blog/25-why-does-my-face-burn-and-break-out-in-winter-cold-creams-frostnip/,0,1,0%,100
https://purescan.droploop.in/zh/blog/9-what-are-forever-chemicals-pfas-and-endocrine-disruptors-zh,0,1,0%,162