Top queries,Clicks,Impressions,CTR,Position
's morgens gezwollen ogen,0,19,0%,61.42
sls tandpasta,0,17,0%,44.06
wallen wakker worden,0,17,0%,83.18
gezwollen ogen ochtend,0,12,0%,64.17
rakbränna,0,11,0%,18.36
sodium lauryl sulfate tandpasta,0,11,0%,50
niacinamide donne des boutons,0,9,0%,15.56
knopper på armene,0,8,0%,57.5
røde knopper på armene,0,8,0%,57.5
cosmetic safety database,0,8,0%,64.12
acne kin,0,8,0%,85.25
niacinamide fait ressortir les boutons,0,7,0%,22.43
rynker på halsen,0,7,0%,45.14
hals og bryst,0,7,0%,53.29
τριχοπτωση και φαγουρα,0,7,0%,75.43
nutri-score 2.0,0,7,0%,79
røde knopper arme,0,6,0%,51.33
talgknopper arme,0,6,0%,51.83
hiperqueratosis grietas dedos manos,0,6,0%,68.83
ru hud,0,6,0%,81.67
φαγουρα και τριχοπτωση,0,6,0%,82.67
acne armen,0,6,0%,85.5
under eye bumps not milia,0,6,0%,89.67
retinol gravid,0,5,0%,46
точки под глазами,0,5,0%,49
røde talgknopper,0,5,0%,58
pigmentflekker overleppe,0,5,0%,78.6
talgfäden auf der nase,0,4,0%,44
røde knopper lår,0,4,0%,49.5
små vita prickar under ögonen,0,4,0%,50.25
røde knopper på arme og lår,0,4,0%,59.25
rynker hals,0,4,0%,65.75
sausas lūpas vitamīni,0,4,0%,67.25
granitos en los brazos,0,4,0%,71
подпухнали очи,0,4,0%,87.25
white spots under eyes not milia,0,4,0%,92.25
schwarze punkte nach rasur,0,3,0%,14.33
черные пятна на губах,0,3,0%,37.33
почему после ниацинамида появляются прыщи,0,3,0%,38.33
talgfäden,0,3,0%,40.33
милиуми под очите,0,3,0%,41.33
rynket hals,0,3,0%,42.33
pupínky na hrudi,0,3,0%,44.33
пигментация над верхней губой,0,3,0%,47.33
vita prickar under ögonen,0,3,0%,48.67
zonnebrand prikt in ogen,0,3,0%,50
prickar på armarna,0,3,0%,53.33
rynkete hals,0,3,0%,54
røde knopper på lår,0,3,0%,55.33
zonnebrandcrème in ogen,0,3,0%,62.67
røde knopper,0,3,0%,64.33
kirpik dökülmesi nedenleri,0,3,0%,71
fjerne rynker på brystet,0,3,0%,73
bouton sur le front,0,3,0%,76.33
dark spots after shaving,0,3,0%,84.67
σπυρακια στο μετωπο,0,3,0%,87.33
е129,0,2,0%,7
γιατι πεφτουν οι βλεφαριδεσ,0,2,0%,24
røde knopper på lårene,0,2,0%,25
petit bouton sur le front,0,2,0%,28.5
ниацинамид вызывает прыщи,0,2,0%,28.5
est ce que le mascara abime les cils,0,2,0%,30
niacinamide fa venire brufoli,0,2,0%,31
nutri score nova,0,2,0%,32.5
niacynamid wysyp,0,2,0%,33
wypadaja rzesy,0,2,0%,34
utslett etter barbering,0,2,0%,39
прыщи от ниацинамида,0,2,0%,39.5
dekollete rot,0,2,0%,40
prickar på ögonlocket,0,2,0%,40
hvad er sls i tandpasta,0,2,0%,41.5
kāpēc šķeļas nagi,0,2,0%,42.5
niacinamide dangers,0,2,0%,45
itchy forehead bumps,0,2,0%,47.5
porque salen granitos en los brazos,0,2,0%,56.5
porque salen granitos en los brazos como sarpullido,0,2,0%,56.5
белые пятна под глазами,0,2,0%,58
белые пятна вокруг глаз,0,2,0%,58.5
boutons sur le front,0,2,0%,60
rynker på brystet,0,2,0%,60.5
talpi galbene,0,2,0%,60.5
gule negle på tæerne,0,2,0%,61.5
scan products for harmful ingredients,0,2,0%,61.5
granos en los brazos que pican,0,2,0%,63.5
warum krümelt creme auf der haut,0,2,0%,63.5
oceny produktów,0,2,0%,64
bouton avant bras,0,2,0%,65
gele teennagels,0,2,0%,65.5
svullna ögon på morgonen,0,2,0%,65.5
red bumps on back of arms,0,2,0%,66.5
warum fallen wimpern aus,0,2,0%,66.5
espinillas en los brazos,0,2,0%,68.5
bultjes op hoofdhuid,0,2,0%,69
ciglie che cadono,0,2,0%,70
store porer på næsen,0,2,0%,70.5
röda utslag på armarna,0,2,0%,72
nupper på armene,0,2,0%,72.5
stora porer på näsan,0,2,0%,72.5
utslag på armarna,0,2,0%,73
милиум на окото,0,2,0%,73
zonnebrandcreme in oog,0,2,0%,74.5
cosmetic safety,0,2,0%,75
бели пъпки,0,2,0%,75
eksem øyelokk,0,2,0%,76
clean ingredients,0,2,0%,76.5
baking soda deodorant rash,0,2,0%,77
ingredient safety check,0,2,0%,77.5
почему желтеют ногти на больших пальцах ног,0,2,0%,79
kin acne,0,2,0%,81
zonnecreme in oog,0,2,0%,81
белые точки под глазами,0,2,0%,81.5
sunscreen eye irritation,0,2,0%,83
gele nagels tenen,0,2,0%,83.5
prikkende ogen zonnebrand,0,2,0%,83.5
acne kaaklijn,0,2,0%,84
baking soda in deodorant rash,0,2,0%,86
wat te doen bij zonnebrand in oog,0,2,0%,87
zonnebrand in je oog,0,2,0%,87.5
zonnebrand in ogen wat te doen,0,2,0%,87.5
腕 毛穴,0,2,0%,87.5
acne op kin,0,2,0%,88
am mainile foarte uscate,0,2,0%,88
dermatitis manos agrietadas,0,2,0%,88.5
puistjes kin,0,2,0%,88.5
craparea pielii pe maini,0,2,0%,90
side effects of using baking soda as deodorant,0,2,0%,90
aluminiumklorid bivirkninger,0,2,0%,90.5
dermatitis dedos manos agrietados tratamiento,0,2,0%,90.5
κόκκινα σημάδια στο πρόσωπο από σπυράκια,0,2,0%,91
cystic acne on jaw,0,2,0%,91.5
腕 毛穴 ブツブツ,0,2,0%,92.5
white bump below eye,0,2,0%,94
czerwone kropki na ciele,0,2,0%,95.5
de ce se usuca pielea pe maini,0,2,0%,95.5
dermatita maini crapate,0,2,0%,96
pukkeltjes op voorhoofd,0,2,0%,97.5
yeast forehead bumps,0,2,0%,98
geschwollene augenringe,0,2,0%,98.5
ruwe huid,0,2,0%,98.5
talgtråder,0,1,0%,9
niacinamide brufoli,0,1,0%,19
why is red 40 banned,0,1,0%,19
knopper på arme,0,1,0%,20
why does baking soda deodorant cause rash,0,1,0%,20
šupiny v obočí,0,1,0%,20
irritazione post rasatura,0,1,0%,21
irritazione da rasoio,0,1,0%,22
dopo rasatura irritazione,0,1,0%,23
ropne krosty na rękach,0,1,0%,23
trądzik na rękach,0,1,0%,23
petits boutons sur le front,0,1,0%,26
pourquoi j'ai des boutons sur le front,0,1,0%,26
gule tånegle,0,1,0%,27
scheerbrand,0,1,0%,27
éruption de bouton sur le front,0,1,0%,27
почему ниацинамид вызывает прыщи,0,1,0%,27
nutri-score danmark,0,1,0%,29
пигментация над горната устна,0,1,0%,29
niacinamide purge de la peau,0,1,0%,31
피지 필라멘트,0,1,0%,32
mørk på overlæben,0,1,0%,34
prikker under øynene,0,1,0%,34
раздражение под мышками от дезодоранта,0,1,0%,34
bouton granuleux dos,0,1,0%,36
utslett etter shaving,0,1,0%,36
피지필라멘트,0,1,0%,36
gule tå negle,0,1,0%,37
pupínky na pažích,0,1,0%,38
rossore collo e décolleté,0,1,0%,38
røde nupper på armene,0,1,0%,38
endokrine disruptoren in kosmetik,0,1,0%,39
почему под глазами белые точки,0,1,0%,39
dudak üstü lekesinden kurtulanlar,0,1,0%,40
röda prickar på armen,0,1,0%,40
menthol on lips,0,1,0%,41
petit bouton sur les avant bras,0,1,0%,42
prickar på armbågen,0,1,0%,42
sebaceous filaments nase,0,1,0%,42
pele com carocinhos,0,1,0%,43
눈에 하얀 뾰루지,0,1,0%,43
vita prickar vid ögonen,0,1,0%,45
why does sunscreen burn your eyes,0,1,0%,45
почему над верхней губой темнеет кожа,0,1,0%,45
porque mi crema hace bolitas,0,1,0%,46
röda prickar på armarna,0,1,0%,46
röda prickar på låren,0,1,0%,46
små röda prickar på armarna,0,1,0%,46
появилось темное пятно на губе,0,1,0%,46
раздражение подмышек от дезодоранта,0,1,0%,46
bouton sur bras,0,1,0%,47
bouton sur les bras,0,1,0%,47
hovne øyner om morgenen,0,1,0%,47
retinol v tehotenstvi,0,1,0%,47
röda prickar under armhålan,0,1,0%,47
why does sunblock burn my eyes,0,1,0%,47
why does sunscreen sting my eyes,0,1,0%,47
cosuri scalp,0,1,0%,48
large pores filled with sebum,0,1,0%,48
porer i näsan,0,1,0%,48
wat is sls in tandpasta,0,1,0%,48
enrojecimiento cuello y escote,0,1,0%,49
flisete negler,0,1,0%,49
salicylzuur zwangerschap,0,1,0%,49
achsel juckt nach deo,0,1,0%,50
alkol alınca yüz kızarması neden olur,0,1,0%,50
boutons front,0,1,0%,50
irritazione pelle rasatura,0,1,0%,50
retinol amming,0,1,0%,50
röd i ansiktet alkohol,0,1,0%,51
cystische acne kin,0,1,0%,52
por que salen granitos en los brazos,0,1,0%,52
vita prickar på ögonlocken,0,1,0%,52
por que salen granos en los brazos,0,1,0%,53
puffiga ögon,0,1,0%,53
sls toothpaste,0,1,0%,53
ногти на ногах желтеют и утолщаются,0,1,0%,53
deo juckende achseln,0,1,0%,54
klør hodebunnen og mister hår,0,1,0%,54
желтые пятки,0,1,0%,54
achseln jucken nach deo,0,1,0%,55
kosmetik inhaltsstoffe prüfen,0,1,0%,55
pigmentfläckar överläpp,0,1,0%,55
sebaceous filaments deutsch,0,1,0%,55
vita prickar runt ögonen,0,1,0%,55
歯磨き粉 口内炎,0,1,0%,55
bubițe roșii pe corp,0,1,0%,56
dudak üstü kararması,0,1,0%,56
granitos en los brazos mujeres,0,1,0%,56
prickar under ögonen,0,1,0%,56
под глазами точки,0,1,0%,56
bolinhas vermelhas nos braços,0,1,0%,57
kviser på haken,0,1,0%,57
prickar på armen,0,1,0%,57
red upper arms,0,1,0%,57
röda prickar i armvecket,0,1,0%,57
أنواع الحبوب تحت العين,0,1,0%,57
bubite rosii pe corp,0,1,0%,58
röda prickar i armhålan,0,1,0%,58
vita prickar ögonlock,0,1,0%,58
wakker worden met gezwollen ogen,0,1,0%,58
маленькие прыщики под глазами,0,1,0%,58
achsel brennt nach deo,0,1,0%,59
plitor på armarna,0,1,0%,59
porer på näsan skönhet,0,1,0%,59
porque salen muchos granitos en los brazos,0,1,0%,59
que significa tener granitos en los brazos,0,1,0%,59
чиста козметика,0,1,0%,59
cosmetics safety database,0,1,0%,60
porer näsa,0,1,0%,60
röda knottror på armarna,0,1,0%,60
baking soda armpits side effects,0,1,0%,61
kløende hodebunn og fett hår,0,1,0%,61
tipos de granitos en los brazos,0,1,0%,62
bubite pe corp,0,1,0%,63
porque salen espinillas en los brazos,0,1,0%,63
sls in toothpaste,0,1,0%,63
zonnebrandcrème irritatie ogen,0,1,0%,63
почему после бритья появляются прыщи,0,1,0%,63
achsel brennen nach deo,0,1,0%,64
piccoli puntini bianchi sulla pelle,0,1,0%,64
tørre lepper vitaminmangel,0,1,0%,64
achseln brennen nach deo,0,1,0%,65
deo brennt unter den achseln,0,1,0%,65
large pores vs blackheads,0,1,0%,65
por que te salen granitos en los brazos,0,1,0%,65
röda armbågar,0,1,0%,65
yüzüm kızarıyor,0,1,0%,65
melasma oberlippe,0,1,0%,66
product scanning,0,1,0%,66
why do i get ingrown hairs after shaving,0,1,0%,66
γυρισμενη τριχα κυστη,0,1,0%,66
пъпки по интимните части след бръснене,0,1,0%,66
трескаются ногти на ногах,0,1,0%,66
gele teenagels,0,1,0%,67
scan products spots,0,1,0%,67
små prickar på armarna,0,1,0%,67
tipos de granos en los brazos,0,1,0%,67
varför får man tjocka tånaglar,0,1,0%,67
yüz kızarması,0,1,0%,67
αλλεργια απο ξυρισμα,0,1,0%,67
boutons sur le front causes,0,1,0%,68
sodium lauryl sulfate canker sore,0,1,0%,68
svarta porer på näsan,0,1,0%,68
ta bort porer på näsan,0,1,0%,68
what causes canker sores toothpaste,0,1,0%,68
背中 腕 ブツブツ,0,1,0%,68
kusunca yüzde kırmızı noktalar,0,1,0%,69
makeup toxicity checker,0,1,0%,69
pores under nose,0,1,0%,69
pukkeltjes rond mond,0,1,0%,69
svullen runt ögonen på morgonen,0,1,0%,69
tjocka tånaglar,0,1,0%,69
wakker worden met dikke ogen,0,1,0%,69
зуд кожи головы и выпадение волос,0,1,0%,69
чешется голова и выпадают волосы,0,1,0%,69
腕 赤い ブツブツ,0,1,0%,69
데오드란트 가려움,0,1,0%,69
granitos pequeños en los brazos,0,1,0%,70
granos rojos en la espalda,0,1,0%,70
niacinamide breakout,0,1,0%,70
rojeces cuello,0,1,0%,70
stresten-çıkan kırmızı lekeler,0,1,0%,70
traş sonrası tahriş,0,1,0%,70
появляются прыщи после бритья,0,1,0%,70
atopisk eksem øyelokk,0,1,0%,71
augen sonnencreme,0,1,0%,71
furoncle aisselle,0,1,0%,71
yüzüm kızarıyor ateş basıyor,0,1,0%,71
zonnebrandcreme ogen,0,1,0%,71
зуд головы и выпадение волос,0,1,0%,71
от чего желтеют ногти на ногах,0,1,0%,71
baking soda underarm,0,1,0%,72
czerwona sucha plama na szyi,0,1,0%,72
melasma överläpp,0,1,0%,72
red bumps back of arms,0,1,0%,72
svarta pormaskar på näsan,0,1,0%,72
белая точка под глазом,0,1,0%,72
под глазами белые точки,0,1,0%,72
czerwone krosty na ramionach,0,1,0%,73
czerwone plamy na rękach,0,1,0%,73
kirpik dökülmesi neden olur,0,1,0%,73
ogen dik na slapen,0,1,0%,73
pigmentflecken oberlippe,0,1,0%,73
why does sls cause canker sores,0,1,0%,73
yemekten sonra yüz kızarması,0,1,0%,73
σπυρακια μετα το ξυρισμα στο προσωπο αντιμετωπιση,0,1,0%,73
возле глаз белые точки,0,1,0%,73
под глазом белая точка,0,1,0%,73
bouton front,0,1,0%,74
dikke ogen ochtend,0,1,0%,74
milier i ögat,0,1,0%,74
påsar under ögonen 1177,0,1,0%,74
schuppen in den augenbrauen,0,1,0%,74
svědění zad mezi lopatkami,0,1,0%,74
二の腕 背中 ブツブツ,0,1,0%,74
鮫肌 二の腕,0,1,0%,74
bouton dans le front,0,1,0%,75
bouton sur le front signification,0,1,0%,75
dermatitis dedos manos agrietados tratamiento oral,0,1,0%,75
how to check if ingredients are safe,0,1,0%,75
innsunkne øyne,0,1,0%,75
kustuktan sonra yüzde kırmızı noktalar nasıl geçer,0,1,0%,75
menthol in lip balm,0,1,0%,75
passar bicarbonato nas axilas faz mal,0,1,0%,75
røde nupper i huden som klør,0,1,0%,75
tjocka naglar på tårna,0,1,0%,75
wat moet je doen als je zonnebrand in je ogen hebt,0,1,0%,75
от чего желтеет ноготь на ноге,0,1,0%,75
почему ногти на ногах желтеют,0,1,0%,75
sebum in nose pores,0,1,0%,76
вокруг глаз белые точки,0,1,0%,76
почему жёлтые ногти на ногах,0,1,0%,76
прыщи после бритья,0,1,0%,76
二の腕 赤い ブツブツ,0,1,0%,76
二の腕 鮫肌,0,1,0%,76
achsel rötung brennen,0,1,0%,77
back of arms red,0,1,0%,77
naglar som skivar sig orsak,0,1,0%,77
ontsteking na scheren,0,1,0%,77
pickel am nacken haaransatz,0,1,0%,77
røde knopper på kroppen der ikke klør,0,1,0%,77
topuk sararması,0,1,0%,77
zonnebrandcrème in oog wat te doen,0,1,0%,77
σπυρακια απο ξυρισμα στην ευαισθητη περιοχη,0,1,0%,77
почему желтеют ногти на ногах,0,1,0%,77
почему желтый ноготь на ноге,0,1,0%,77
二の腕 ブツブツ 赤い,0,1,0%,77
肩 肌荒れ,0,1,0%,77
acanthosis nigricans:,0,1,0%,78
black spots after shaving,0,1,0%,78
pickel am haaransatz,0,1,0%,78
torra armbågar citron,0,1,0%,78
ξυπνάω με πρησμένα μάτια,0,1,0%,78
белые прыщи под глазами,0,1,0%,78
can mouthwash cause canker sores,0,1,0%,79
gele teennagel,0,1,0%,79
grietas en las manos enfermedad,0,1,0%,79
pickel am kopf,0,1,0%,79
schuppen in den augenbrauen was tun,0,1,0%,79
torra brännande läppar,0,1,0%,79
varför torra läppar,0,1,0%,79
white bumps under my eyes,0,1,0%,79
почему желтые ногти на ногах,0,1,0%,79
почему на ногах ногти желтые,0,1,0%,79
アルコール 口内炎,0,1,0%,79
背中 二の腕 ブツブツ,0,1,0%,79
bollicine sulle braccia senza prurito,0,1,0%,80
drobne czerwone krostki na ciele,0,1,0%,80
hormonforstyrrende stoffer,0,1,0%,80
melasma labbra,0,1,0%,80
pickel auf der kopfhaut,0,1,0%,80
сърбеж след бръснене на интимните части,0,1,0%,80
acne schiena cause,0,1,0%,81
если ногти на ногах желтеют,0,1,0%,81
blå under ögonen orsak,0,1,0%,82
drobne krostki na przedramionach,0,1,0%,82
pores keep filling up,0,1,0%,82
pryszcze na rękach,0,1,0%,82
puistjes op armen en rug,0,1,0%,82
röd i armhålan,0,1,0%,82
röda prickar på huden vuxen,0,1,0%,82
white pimples under eyes,0,1,0%,82
на веках белые точки,0,1,0%,82
レチノール 授乳中,0,1,0%,82
腕 に できる ブツブツ,0,1,0%,82
czerwone kropki na rękach,0,1,0%,83
kreska na szyi,0,1,0%,83
rood en branderig gezicht,0,1,0%,83
whitehead near eye,0,1,0%,83
why do i have white bumps under my eyes,0,1,0%,83
zonnebrand in oog wat te doen,0,1,0%,83
на ногах ногти желтые,0,1,0%,83
keratosis pilaris armar,0,1,0%,84
manos resecas causas,0,1,0%,84
resequedad en los dedos,0,1,0%,84
после бритья прыщи,0,1,0%,84
acanthosis nigricans schilddrüse,0,1,0%,85
bolhas ao redor da boca,0,1,0%,85
brufoli sulla fronte causa,0,1,0%,85
keratosis pilaris rubra,0,1,0%,85
pickel auf der kopfhaut was tun,0,1,0%,85
pickel durch sonnencreme,0,1,0%,85
puistjes kaaklijn,0,1,0%,85
red bumps on biceps,0,1,0%,85
rode pukkeltjes,0,1,0%,85
weiße schuppen augenbrauen,0,1,0%,85
white pimple under eye,0,1,0%,85
желтизна ногтей на ногах,0,1,0%,85
腕 毛穴 ぶつぶつ,0,1,0%,85
acne op de kin,0,1,0%,86
bouton front signification,0,1,0%,86
czerwone krostki na udach,0,1,0%,86
eczema fisurado hiperqueratósico de mano,0,1,0%,86
ojeras hinchadas,0,1,0%,86
pelle a puntini,0,1,0%,86
porque me salen granitos en el brazo,0,1,0%,86
schuppige augenbrauen,0,1,0%,86
trądzik na żuchwie,0,1,0%,86
varför skivar sig naglarna,0,1,0%,86
white bumps under eyes,0,1,0%,86
bultjes op voorhoofd,0,1,0%,87
dedos de la mano secos,0,1,0%,87
koltuk altı çıbanı,0,1,0%,87
puistjes in hals en kaaklijn,0,1,0%,87
red bumps on arms and back,0,1,0%,87
scan ingredients,0,1,0%,87
на ногах желтые ногти,0,1,0%,87
почему ноготь желтый на ноге,0,1,0%,87
腕 の ポツポツ,0,1,0%,87
clogged pores around eyes,0,1,0%,88
darm-haut-achse,0,1,0%,88
fjerne rynker på halsen,0,1,0%,88
krostki na rękach,0,1,0%,88
macchia baffetto,0,1,0%,88
white bubbles under eyes,0,1,0%,88
ногти на ногах желтеют и слоятся,0,1,0%,88
czerwone plamy na ciele,0,1,0%,89
pigmentstörung hals,0,1,0%,89
puisten op kin,0,1,0%,89
under eyes white dots,0,1,0%,89
zonnebrand in oog,0,1,0%,89
ногти желтые на ногах,0,1,0%,89
little white bumps under eyes,0,1,0%,90
natron deo nachteile,0,1,0%,90
ojeras inflamadas,0,1,0%,90
rode kleine bultjes op huid,0,1,0%,90
röda fläckar på armarna,0,1,0%,90
small white dot under eye,0,1,0%,90
svullen under ögonen orsak,0,1,0%,90
white zits around eyes,0,1,0%,90
πρησμενα ματια,0,1,0%,90
aluminiu in deodorant,0,1,0%,91
creme krümelt nach serum,0,1,0%,91
hard white bump under eye,0,1,0%,91
little white bumps around eyes,0,1,0%,91
mee-eter of talgfilament,0,1,0%,91
röda knottror på huden,0,1,0%,91
under eye clogged pores,0,1,0%,91
under eye spots white,0,1,0%,91
毛穴 腕,0,1,0%,91
背中 の ブツブツ,0,1,0%,91
alergia a desodorante como tratar,0,1,0%,92
alergia a desodorante spray,0,1,0%,92
czerwone krosty na ciele,0,1,0%,92
e171 lebensmittel,0,1,0%,92
eczema piel seca manos,0,1,0%,92
macchie rosse dopo la barba,0,1,0%,92
puntini rossi gambe,0,1,0%,92
rode vlekken bovenarmen,0,1,0%,92
white ball under eye,0,1,0%,92
dermatita mainilor,0,1,0%,93
small white bumps near eyes,0,1,0%,93
svullen under ögonen på morgonen,0,1,0%,93
tiny white bump under eye,0,1,0%,93
varför får man torra läppar,0,1,0%,93
white sacks under eyes,0,1,0%,93
allergisk reaksjon rundt øynene,0,1,0%,94
cystic jaw acne,0,1,0%,94
de ce crapa pielea pe maini,0,1,0%,94
inflammerad hårbotten,0,1,0%,94
kleine witte bultjes op arm,0,1,0%,94
knottror i armhålan,0,1,0%,94
krosty na ramionach,0,1,0%,94
kératose pilaire bras,0,1,0%,94
maini uscate cauze,0,1,0%,94
pimple on hairline hurts,0,1,0%,94
puistjes op kin,0,1,0%,94
pukkeltjes voorhoofd,0,1,0%,94
vätskefyllda påsar under ögonen,0,1,0%,94
σπυρακια στο σωμα,0,1,0%,94
brufolo fronte cause,0,1,0%,95
irritazione da rasoio gambe,0,1,0%,95
irritazione dopo barba,0,1,0%,95
sprucken tånagel,0,1,0%,95
sucha skóra na szyi,0,1,0%,95
sıcaktan yüzün kızarması,0,1,0%,95
zonnebrand voor ogen,0,1,0%,95
腕 毛穴 目立つ,0,1,0%,95
bolinhas vermelhas no corpo,0,1,0%,96
brufolo enorme sulla schiena,0,1,0%,96
bultjes bovenarm,0,1,0%,96
carocinho na pele,0,1,0%,96
gonfiore e rossore sotto gli occhi,0,1,0%,96
granos brazos,0,1,0%,96
granos en el brazo,0,1,0%,96
ingredient safety checker,0,1,0%,96
kleine bultjes op rug,0,1,0%,96
kératose pilaire dos,0,1,0%,96
pukkels op voorhoofd,0,1,0%,96
rimedi irritazione da lametta,0,1,0%,96
small white bump below eye,0,1,0%,96
tiny white bumps around eyes,0,1,0%,96
wysypka na plecach u dorosłych,0,1,0%,96
почему кожа на шее стала дряблой,0,1,0%,96
acanthosis nigricans ursache,0,1,0%,97
follicolite sotto ascella,0,1,0%,97
kleine bultjes arm,0,1,0%,97
maini crapate cauze,0,1,0%,97
maini uscate,0,1,0%,97
svullen under ögonen,0,1,0%,97
bolas vermelhas pelo corpo,0,1,0%,98
ciemne plamy na twarzy,0,1,0%,98
little white bump under eye,0,1,0%,98
small white bumps near eye,0,1,0%,98
care este diferenta dintre balsam si ulei de buze,0,1,0%,99
caroços vermelhos na pele,0,1,0%,99
jawline cystic acne,0,1,0%,99
pukkels voorhoofd,0,1,0%,99
schuppige augenlider,0,1,0%,99
svullna påsar under ögonen,0,1,0%,99
svullnader under ögonen,0,1,0%,99
wypryski na ramionach,0,1,0%,99
胸 ニキビ カビ,0,1,0%,99
acne op armen,0,1,0%,100
acne op wangen en kaaklijn,0,1,0%,100
keratosis pilaris armen,0,1,0%,100
pele do rosto descascando no frio,0,1,0%,100
piele uscata pe maini,0,1,0%,100
rode vlekjes na puistjes weghalen,0,1,0%,100
white lumps around eyes,0,1,0%,100
κοκκινα σπυρακια στο προσωπο,0,1,0%,100